{"averageTrainLoss": [14.838123209599598, 10.856619530440495, 8.161203820940475, 6.387985970492654, 5.42323131740373, 4.802717880463936, 4.364463984126776, 4.027154618025945, 3.7757145910755567, 3.5643885695318662, 3.394958924799458, 3.24185887636713, 3.118248363056093, 3.0231025274930428, 2.914449764529304, 2.8231317090316557, 2.729332815313563, 2.6608977440937025, 2.6059513293521506, 2.5165691722726597, 2.4679635785555054, 2.4139637381817813, 2.354662939976079, 2.3056968657623433, 2.260788528012558, 2.2034795967066234, 2.168123956017651, 2.1187802004702214, 2.08493396262048, 2.051751414934794, 2.024033053939891, 1.983582142932874, 1.9361502687696, 1.915618770559069, 1.8735064833376889, 1.8607012173379531, 1.823362472471497, 1.7949761387328027, 1.7640724551509803, 1.7370183518235112, 1.7123641867033192, 1.6903905068204996, 1.6568190676505576, 1.644089034465557, 1.6211027018900768, 1.583091483989232, 1.55794959616773, 1.5382043694106626, 1.5356544580817781, 1.4969699416362063, 1.4847816245656618, 1.4731331201786166, 1.45184609419863, 1.431698459974477, 1.4097226802172236, 1.3847017875859435, 1.3869039771702367, 1.3626372167761898, 1.3568257888158162, 1.3332637310587745, 1.3178016957542706, 1.2982245728443487, 1.2819609588860346, 1.2757375187157465, 1.2590271170150507, 1.2487618002533354, 1.2292098523305615, 1.2261343889393157, 1.2166132260935967, 1.198429652223005, 1.1748130584546659, 1.1706487930996317, 1.1536861526574327, 1.1428935751668725, 1.1328072671039564, 1.1239871729707493, 1.109498145154944, 1.1003529135610017, 1.094578572282209, 1.0804110200192447, 1.0684739124607032, 1.0679276048297612, 1.063630630152886, 1.0470374914961802, 1.042496297840781, 1.023509076223687, 1.0134880109012407, 1.0135892181888992, 0.9930455796595471, 0.987573845845433], "charErrorRates": [0.9820244716351502, 0.9565739710789767, 0.6211790878754171, 0.5157285873192436, 0.3608008898776418, 0.25988876529477195, 0.2543270300333704, 0.3013125695216908, 0.2500111234705228, 0.23617352614015572, 0.17850945494994439, 0.15506117908787542, 0.156440489432703, 0.20057842046718577, 0.15559510567296997, 0.13922135706340377, 0.13334816462736374, 0.15434927697441603, 0.15025583982202448, 0.14171301446051168, 0.13939933259176862, 0.13828698553948832, 0.1378420467185762, 0.14206896551724138, 0.11813125695216908, 0.12369299221357064, 0.1309899888765295, 0.11822024471635151, 0.12093437152391547, 0.11826473859844272, 0.11599555061179088, 0.10838709677419354, 0.125027808676307, 0.11666295884315907, 0.11443826473859844, 0.10304783092324805, 0.11755283648498331, 0.11127919911012236, 0.11003337041156841, 0.10914349276974417, 0.1060734149054505, 0.11773081201334816, 0.11194660734149055, 0.11457174638487208, 0.10318131256952169, 0.11412680756395996, 0.10135706340378198, 0.11319243604004449, 0.1035817575083426, 0.10576195773081201, 0.10562847608453838, 0.09859844271412681, 0.10718576195773082, 0.09761957730812014, 0.10340378197997775, 0.10456062291434928, 0.10006674082313682, 0.10567296996662959, 0.10028921023359288, 0.10602892102335928, 0.11345939933259176, 0.10691879866518354, 0.10149054505005561, 0.10042269187986652, 0.09263626251390433, 0.10055617352614016, 0.09770856507230256, 0.10527252502780868, 0.09788654060066741, 0.09797552836484984, 0.10011123470522804, 0.10487208008898777, 0.1039377085650723, 0.10131256952169077, 0.10433815350389321, 0.10300333704115684, 0.09672969966629588, 0.0993103448275862, 0.10242491657397108, 0.09810901001112347, 0.10046718576195773, 0.10189098998887652, 0.10055617352614016, 0.10371523915461624, 0.10740823136818688, 0.10602892102335928, 0.10318131256952169, 0.11319243604004449, 0.10126807563959955, 0.10153503893214683], "wordAccuracies": [0.06694415539368713, 0.10110995490808186, 0.24869927159209157, 0.3610822060353798, 0.5039889004509192, 0.6161984044398197, 0.6375303503295179, 0.5718002081165453, 0.6229621921609435, 0.6342351716961498, 0.7112382934443289, 0.7429760665972945, 0.745057232049948, 0.6826222684703434, 0.7443635102323968, 0.7561567811307666, 0.7743669788414845, 0.74176205341658, 0.7519944502254596, 0.7589316684009713, 0.7639611515782171, 0.7684703433922997, 0.766562608394034, 0.7630939993062782, 0.7956989247311828, 0.7873742629205689, 0.7728061047519944, 0.791363163371488, 0.7906694415539369, 0.7939646201873048, 0.7991675338189386, 0.8050641692681235, 0.7840790842872009, 0.7936177592785293, 0.8026361429066944, 0.8083593479014916, 0.7956989247311828, 0.8009018383628165, 0.7995143947277142, 0.8043704474505723, 0.8121748178980229, 0.7908428720083247, 0.7950052029136316, 0.7962192160943462, 0.8132154006243496, 0.8002081165452654, 0.8109608047173084, 0.7981269510926119, 0.8081859174471037, 0.8090530697190427, 0.8092265001734305, 0.81789802289282, 0.8085327783558793, 0.8198057578910857, 0.8139091224419008, 0.8116545265348595, 0.8177245924384322, 0.8061047519944502, 0.809573361082206, 0.8029830038154699, 0.7984738120013875, 0.8097467915365938, 0.8172043010752689, 0.8125216788067985, 0.8284772806104752, 0.8156434269857787, 0.8165105792577176, 0.8130419701699618, 0.8217134928893514, 0.8165105792577176, 0.8199791883454735, 0.8114810960804717, 0.8121748178980229, 0.8130419701699618, 0.8118279569892473, 0.8080124869927159, 0.8225806451612904, 0.8199791883454735, 0.8126951092611863, 0.8177245924384322, 0.8151231356226153, 0.8140825528962886, 0.8206729101630247, 0.8123482483524107, 0.8090530697190427, 0.8121748178980229, 0.8087062088102671, 0.7946583420048561, 0.8116545265348595, 0.810440513354145]}